NCBI_GeneID_pig,NCBI_GeneID_human,Ensembl_GeneID_pig,Ensembl_GeneID_human,geneName_pig,geneName_human,RNAseq,BvsA_log2FoldChange,CvsA_log2FoldChange,CvsB_log2FoldChange,BvsA_pvalue,CvsA_pvalue,CvsB_pvalue,BvsA_padj,CvsA_padj,CvsB_padj,Avg_norm_A,Avg_norm_B,Avg_norm_C,A1,A2,A3,A4,B1,B2,B3,B4,C1,C2,C3,C4,cell type
414372,729230,ENSSSCG00000024311,ENSG00000121807,CCR2,CCR2,MF,-3.121294044,-3.98339907,-0.862105026,8.74E-08,1.03E-11,0.143152304,0.000137695,2.99E-10,0.311866808,1590.733419,128.6751734,81.51240869,819.7217028,2604.47237,307.625247,2631.114356,38.35402849,60.4191884,109.4640429,306.4634339,31.49917618,114.5121071,50.97520283,129.0631486,
397122,3553,ENSSSCG00000039214,ENSG00000125538,IL1B,IL1B,MF,-2.420156978,-5.2114162,-2.791259223,0.04462261,1.54E-05,0.020576046,0.995907864,0.000125567,0.065155888,23925.85643,3629.589252,884.6013877,68545.44713,3959.571609,11042.52339,12155.8836,7487.254276,1204.758617,5022.417148,803.9269656,1414.599367,966.9911267,769.6256114,387.1894459,
396900,6372,ENSSSCG00000008957,ENSG00000124875,AMCF-II,CXCL6,MF,-3.621011983,-8.618385939,-4.997373956,0.002437167,9.10E-13,3.46E-05,0.281757636,3.21E-11,0.000258916,5210.030436,392.4543962,18.3286627,14923.71007,424.1937672,491.0714951,5001.146413,617.7738161,79.75332868,169.7985547,702.4918854,17.18136883,24.38683763,12.99367915,18.75276519,
396785,909,ENSSSCG00000025644,ENSG00000158477,,CD1A,MF,-2.336440145,-4.556740592,-2.220300448,0.011772612,1.48278E-06,0.01963399,0.61382338,1.55494E-05,0.062744866,358.6764799,43.28590983,12.35458859,161.5568016,232.0816964,84.66749916,956.3999226,17.80722751,2.416767536,61.19643341,91.72321084,0,14.84416203,6.996596467,27.57759586,
404704,920,ENSSSCG00000000687,ENSG00000010610,CD4,CD4,MF,2.125776406,-2.081002844,-4.206779249,7.84E-06,1.41E-05,1.49E-18,0.007649844,0.000116337,1.18E-16,671.8585422,2265.373606,154.3289628,424.1860851,1188.774022,641.5914936,432.8825675,1908.797811,4119.380265,1524.739306,1508.577044,79.2252007,176.0093498,71.96499223,290.1163085,
100125969,338376,ENSSSCG00000005136,ENSG00000184995,IFNE,IFNE,LCM,-7.579883025,-3.283965312,4.295917713,9.73E-05,0.056057199,0.031337354,0.019961348,0.44140393,0.357594471,62.93010589,0,8.174626936,135.3635324,15.65607149,36.98095753,63.71986212,0,0,0,0,0,0,32.69850774,0,
